Workbook
Name UG2_Operations: Listas!$I$2
Name HTTP_Method: Listas!$D$2:$D$6
Name SeveridadErrores: Listas!$F$2:$F$5
Name Bug_Status: Listas!$G$2:$G$8
Name UG3_Operations: Listas!$J$2:$J$6
Name UG1_Operations: Listas!$H$2
Name Severity_List: Listas!$F$2:$F$5
Name Design_Technique: Listas!$C$2:$C$7
Name TC_Status: Listas!$A$2:$A$4
Name Priority_List: Listas!$E$2:$E$5
Name EstadoCasosPrueba: Listas!$A$2:$A$4
Name Scenario_Type: Listas!$B$2:$B$3

Sheet Guía del proyecto
A1: Proyecto de pruebas de API de Urban Grocers
A3: FLUJO DE TRABAJO DEL PROYECTO
A4: 1 | B4: Analiza el ticket de Jira y la documentación de Swagger.
A5: 2 | B5: Diseña casos de prueba independientes que cubran escenarios positivos y negativos, clases de equivalencia y valores límite.
A6: 3 | B6: Ejecuta cada caso de prueba en Postman y selecciona el estado Aprobado, Fallido u Omitido.
A7: 4 | B7: Crea un reporte de errores en Jira por cada error confirmado e introduce su ID en el caso de prueba fallido relacionado.
A9: TAREAS Y PANEL DE PROGRESO
A10: Ticket | B10: Área | C10: Cobertura requerida | D10: Casos objetivo | E10: Diseñados | F10: Aprobados | G10: Fallidos | H10: Omitidos | I10: Errores reportados | J10: Estado de la tarea
A11: UG-1 | B11: Paquetes de productos | C11: Positivos · Negativos · CE · VL | D11: 6–8 | E11: =COUNTIF('UG-1 Casos de prueba'!$B$7:$B$56,"<>") -> 9 | F11: =COUNTIF('UG-1 Casos de prueba'!$G$7:$G$56,"Aprobado") -> 5 | G11: =COUNTIF('UG-1 Casos de prueba'!$G$7:$G$56,"Fallido") -> 4 | H11: =COUNTIF('UG-1 Casos de prueba'!$G$7:$G$56,"Omitido") -> 0 | I11: =COUNTIF('UG-1 Reportes de errores'!$B$6:$B$45,"<>") -> 4 | J11: =IF(E11=0,"No iniciada",IF(G11>0,"Requiere atención",IF(F11+H11=E11,"Completada","En progreso"))) -> Requiere atención
A12: UG-2 | B12: Servicios de entrega | C12: Positivos · Negativos · CE · VL | D12: 6–8 | E12: =COUNTIF('UG-2 Casos de prueba'!$B$6:$B$55,"<>") -> 9 | F12: =COUNTIF('UG-2 Casos de prueba'!$G$6:$G$55,"Aprobado") -> 3 | G12: =COUNTIF('UG-2 Casos de prueba'!$G$6:$G$55,"Fallido") -> 6 | H12: =COUNTIF('UG-2 Casos de prueba'!$G$6:$G$55,"Omitido") -> 0 | I12: =COUNTIF('UG-2 Reportes de errores'!$B$6:$B$45,"<>") -> 1 | J12: =IF(E12=0,"No iniciada",IF(G12>0,"Requiere atención",IF(F12+H12=E12,"Completada","En progreso"))) -> Requiere atención
A13: UG-3 | B13: Carrito de compras (Opcional) | C13: 5 operaciones · Autenticación · Positivos · Negativos | D13: 46150 | E13: =COUNTIF('UG-3 Casos de prueba'!$B$6:$B$55,"<>") -> 11 | F13: =COUNTIF('UG-3 Casos de prueba'!$G$6:$G$55,"Aprobado") -> 8 | G13: =COUNTIF('UG-3 Casos de prueba'!$G$6:$G$55,"Fallido") -> 3 | H13: =COUNTIF('UG-3 Casos de prueba'!$G$6:$G$55,"Omitido") -> 0 | I13: =COUNTIF('UG-3 Reportes de errores'!$B$6:$B$45,"<>") -> 3 | J13: =IF(E13=0,"No iniciada",IF(G13>0,"Requiere atención",IF(F13+H13=E13,"Completada","En progreso"))) -> Requiere atención
A15: ENLACES DEL PROYECTO
A16: URL del servidor | B16: [Pega aquí la URL actual del servidor backend]
A17: Swagger | B17: https://urban-grocers-es.up.railway.app/api/swagger/#/

Sheet UG-1 Casos de prueba
A1: Paquetes de productos · Casos de prueba
A2: UG-1 — Agregar productos a un paquete de productos
A3: Diseñados | B3: =COUNTIF($B$7:$B$56,"<>") -> 9 | C3: Aprobados | D3: =COUNTIF($G$7:$G$56,"Aprobado") -> 5 | E3: Fallidos | F3: =COUNTIF($G$7:$G$56,"Fallido") -> 4 | G3: Omitidos | H3: =COUNTIF($G$7:$G$56,"Omitido") -> 0
A6: ID | B6: Título del caso de prueba | C6: Precondición | D6: Paso | E6: Descripción del paso | F6: Resultado esperado | G6: Estado | H6: ID del bug
A7: UG-1-TC-01 | B7: Agregar un producto existente a un grocery bundle existente | C7: La API está disponible. Crear un grocery bundle mediante POST /api/v1/grocery-bundles con el siguiente body: { "groceryBundleName": "Paquete de prueba", "groceryCollectionId": 1 } -Guardar el groceryBundleId generado por la API, ya que será utilizado en el caso de prueba. -Se cuenta con un productId válido existente (3). | D7: 1 | E7: Enviar una solicitud POST al endpoint ​/api​/v1​/grocery-bundles​/{groceryBundleId}​/products y en el body agregar productos con la siguiente extructura { "productsList": [ { "productId": 3, "quantity": 1 } ] } | F7: El producto se agrega correctamente al grocery bundle y la API devuelve 200 OK. | G7: APROBADO
A8: UG-1-TC-02 | B8: Agregar 31 productos con IDs únicos a un grocery bundle existente | C8: -La API está disponible. -Crear un grocery bundle válido y vacío mediante POST /api/v1/grocery-bundles con el siguiente body: { "groceryBundleName": "Paquete de prueba", "groceryCollectionId": 1 } -Guardar el groceryBundleId generado por la API, ya que será utilizado en el caso de prueba. | D8: 1 | E8: Enviar una solicitud POST al endpoint /api/v1/grocery-bundles/{groceryBundleId}/products con 31 productos cuyos IDs sean único. En el body agregar los 31 productos únicos y quantity = 1 para cada producto con esta estructura: { "productsList": [ { "productId": 1, "quantity": 1 }, { "productId": 2, "quantity": 1 }, { "productId": 3, "quantity": 1 }, ... { "productId": 30, "quantity": 1 }, { "productId": 31, "quantity": 1 } ] } | F8: La API devuelve 400 Bad Request con el mensaje "No más de 30 artículos por paquete". | G8: APROBADO
A9: UG-1-TC-03 | B9: Agregar un producto inexistente a un grocery bundle existente | C9: - La API está disponible. - Existe un grocery bundle creado previamente mediante POST /api/v1/grocery-bundles. - El bundle fue creado con groceryBundleName: "Paquete de prueba" y groceryCollectionId: 1. - Se cuenta con un groceryBundleId válido. - Se ha verificado que el productId 200 no existe. | D9: 1 | E9: Enviar una solicitud POST al endpoint ​/api​/v1​/grocery-bundles​/{groceryBundleId}​/products En el body agregar la siguiente extructura { "productsList": [ { "productId": 200, "quantity": 1 } ] } | F9: La API, da una respuesta de 400 Bad request | G9: FALLIDO | H9: UG-1-BUG-01
A10: UG-1-TC-04 | B10: Agregar un producto existente a un grocery bundle inexistente | C10: - La API está disponible. - Se ha verificado que el productId 3 existe. -Se ha verificado que el groceryBundleId 20 no existe. | D10: 1 | E10: Enviar una solicitud POST al endpoint ​/api​/v1​/grocery-bundles​/20/products En el body agregar la siguiente extructura { "productsList": [ { "productId": 3, "quantity": 1 } ] } | F10: La API, responde 404 not found | G10: APROBADO
A11: UG-1-TC-05 | B11: Enviar un productsList con estructura inválida a un grocery bundle existente | C11: La API está disponible. Crear un grocery bundle mediante POST /api/v1/grocery-bundles con el siguiente body: { "groceryBundleName": "Paquete de prueba", "groceryCollectionId": 1 } Guardar el groceryBundleId generado por la API, ya que será utilizado en el caso de prueba. | D11: 1 | E11: Enviar una solicitud POST al endpoint ​/api​/v1​/grocery-bundles​/{groceryBundleId}​/products En el body agregar la siguiente extructura { "productsList": "productos" } | F11: La API, responde 400 Bad Request. | G11: FALLIDO | H11: UG-1-BUG-02
A12: UG-1-TC-06 | B12: Agregar 30 productos con IDs únicos a un grocery bundle existente | C12: La API está disponible. -Crear un grocery bundle válido y vacío mediante POST /api/v1/grocery-bundles con el siguiente body: { "groceryBundleName": "Paquete de prueba", "groceryCollectionId": 1 } Guardar el groceryBundleId generado por la API, ya que será utilizado en el caso de prueba. | D12: 1 | E12: Enviar una solicitud POST al endpoint /api/v1/grocery-bundles/{groceryBundleId}/products con 30 productos cuyos IDs sean único. En body de agregar los 30 productos con la siguiente extructura { "productsList": [ { "productId": 1, "quantity": 1 }, { "productId": 2, "quantity": 1 }, { "productId": 3, "quantity": 1 }, ... { "productId": 30, "quantity": 1 } ] } | F12: Los producto se agregan correctamente al grocery bundle y la API devuelve 200 OK. | G12: APROBADO
A13: UG-1-TC-07 | B13: Intentar agregar un producto con cantidad 0 a un grocery bundle existente | C13: -La API está disponible. -Crear un grocery bundle mediante POST /api/v1/grocery-bundles con el siguiente body: { "groceryBundleName": "Paquete de prueba", "groceryCollectionId": 1 } -Guardar el groceryBundleId generado por la API, ya que será utilizado en el caso de prueba. -Se cuenta con un productId válido/existente (3). | D13: 1 | E13: Enviar una solicitud POST al endpoint ​/api​/v1​/grocery-bundles​/{groceryBundleId}​/products y en el body agregar productos con la siguiente extructura { "productsList": [ { "productId": 3, "quantity": 0 } ] } | F13: La API, debe devolver un error por no ser una cantidad valida | G13: FALLIDO | H13: UG-1-BUG-03
A14: UG-1-TC-08 | B14: Agregar un producto existente, omitiendo el campo quantity a un grocery bundle existente | C14: -La API está disponible. -Crear un grocery bundle mediante POST /api/v1/grocery-bundles con el siguiente body: { "groceryBundleName": "Paquete de prueba", "groceryCollectionId": 1 } -Guardar el groceryBundleId generado por la API, ya que será utilizado en el caso de prueba. -Se cuenta con un productId válido/existente (3). | D14: 1 | E14: Enviar una solicitud POST al endpoint ​/api​/v1​/grocery-bundles​/{groceryBundleId}​/products y en el body agregar productos con la siguiente extructura { "productsList": [ { "productId": 3 } ] } | F14: La API devuelve 400 Bad Request debido a la omisión del campo obligatorio quantity. | G14: FALLIDO | H14: UG-1-BUG-04
A15: UG-1-TC-09 | B15: Agregar 29 productos con IDs únicos a un grocery bundle existente | C15: La API está disponible. -Crear un grocery bundle válido y vacío mediante POST /api/v1/grocery-bundles con el siguiente body: { "groceryBundleName": "Paquete de prueba", "groceryCollectionId": 1 } Guardar el groceryBundleId generado por la API, ya que será utilizado en el caso de prueba. | D15: 1 | E15: Enviar una solicitud POST al endpoint /api/v1/grocery-bundles/{groceryBundleId}/products con 29 productos cuyos IDs sean único y quantity = 1 para cada producto. En el body agregar los 29 productos únicos y quantity = 1 para cada producto con esta estructura: { "productsList": [ { "productId": 1, "quantity": 1 }, { "productId": 2, "quantity": 1 }, { "productId": 3, "quantity": 1 }, ... { "productId": 29, "quantity": 1 } ] } | F15: La API responde 200 OK y Los 29 productos se agregan correctamente al paquete. | G15: APROBADO
A16: UG-1-TC-10
A17: UG-1-TC-11
A18: UG-1-TC-12
A19: UG-1-TC-13
A20: UG-1-TC-14
A21: UG-1-TC-15
A22: UG-1-TC-16
A23: UG-1-TC-17
A24: UG-1-TC-18
A25: UG-1-TC-19
A26: UG-1-TC-20
A27: UG-1-TC-21
... A56: UG-1-TC-50

Sheet UG-1 Reportes de errores
A1: Paquetes de productos · Reportes de errores
A2: UG-1 — Agregar productos a un paquete de productos
A3: REPORTES DE ERRORES
A5: ID del bug | B5: Título | C5: Pasos para reproducir | D5: Resultado esperado | E5: Resultado actual | F5: Severidad | G5: Evidencia
A6: UG-1-BUG-01 | B6: La API permite agregar un producto con un productId inexistente | C6: Precondiciones: - La API está disponible. - Existe un grocery bundle creado previamente mediante POST /api/v1/grocery-bundles. - El bundle fue creado con groceryBundleName: "Paquete de prueba" y groceryCollectionId: 1. - Se cuenta con un groceryBundleId válido. - Se ha verificado que el productId 200 no existe. Pasos: 1. Enviar una solicitud POST al endpoint ​/api​/v1​/grocery-bundles​/{groceryBundleId}​/products En el body agregar la siguiente extructura { "productsList": [ { "productId": 200, "quantity": 1 } ] } | D6: La API, da una respuesta de 400 Bad request | E6: La respuesta de la API, fue 200 ok y el producto se agrego correctamente | F6: HIGH | G6: https://drive.google.com/file/d/1YWhR-Q5NfBLCvGzIzyUZ7KvCg8KonNDP/view?usp=sharing
A7: UG-1-BUG-02 | B7: La API devuelve 500 al enviar un productsList con estructura inválida | C7: Precondiciones: La API está disponible. Crear un grocery bundle mediante POST /api/v1/grocery-bundles con el siguiente body: { "groceryBundleName": "Paquete de prueba", "groceryCollectionId": 1 } Guardar el groceryBundleId generado por la API, ya que será utilizado en el caso de prueba. Pasos: 1. Enviar una solicitud POST al endpoint ​/api​/v1​/grocery-bundles​/{groceryBundleId}​/products En el body agregar la siguiente estructura: { "productsList": "productos" } | D7: La API, responde 400 Bad Request. | E7: La respuesta de la API, es 500 con un mensaje de "productsList.map is not a function" | F7: MEDIUM | G7: https://drive.google.com/file/d/13h7vgUz720W_StTC0sz9b_79yh0MEFSt/view?usp=sharing
A8: UG-1-BUG-03 | B8: La API permite agregar un producto con una cantidad de 0 | C8: Precondiciones: -La API está disponible. -Crear un grocery bundle mediante POST /api/v1/grocery-bundles con el siguiente body: { "groceryBundleName": "Paquete de prueba", "groceryCollectionId": 1 } -Guardar el groceryBundleId generado por la API, ya que será utilizado en el caso de prueba. -Se cuenta con un productId válido/existente (3). Pasos: 1. Enviar una solicitud POST al endpoint ​/api​/v1​/grocery-bundles​/{groceryBundleId}​/products y en el body agregar productos con la siguiente estructura { "productsList": [ { "productId": 3, "quantity": 0 } ] } | D8: La API, debe devolver un error por no ser una cantidad valida | E8: La API, responde con 200 ok permitiendo agregar el producto con una cantidad de cero | F8: MEDIUM | G8: https://drive.google.com/file/d/1FCrt7KH2FNg9NqtyFRfjbo935xQiWG5p/view?usp=sharing
A9: UG-1-BUG-04 | B9: La API devuelve 500 al omitir el campo obligatorio quantity al agregar un producto | C9: Precondiciones: -La API está disponible. -Crear un grocery bundle mediante POST /api/v1/grocery-bundles con el siguiente body: { "groceryBundleName": "Paquete de prueba", "groceryCollectionId": 1 } -Guardar el groceryBundleId generado por la API, ya que será utilizado en el caso de prueba. -Se cuenta con un productId válido/existente (3). Pasos: 1. Enviar una solicitud POST al endpoint ​/api​/v1​/grocery-bundles​/{groceryBundleId}​/products y en el body agregar productos con la siguiente estructura { "productsList": [ { "productId": 3 } ] } | D9: La API devuelve 400 Bad Request debido a la omisión del campo obligatorio quantity. | E9: La API, responde con 500 y un mensaje de "invalid input syntax for type integer: \"NaN\" | F9: HIGH | G9: https://drive.google.com/file/d/1LoZr4hZS7to54qbovttZNPHfbxV809GT/view?usp=sharing
A10: UG-1-BUG-05
A11: UG-1-BUG-06
A12: UG-1-BUG-07
A13: UG-1-BUG-08
A14: UG-1-BUG-09
A15: UG-1-BUG-10
A16: UG-1-BUG-11
A17: UG-1-BUG-12
A18: UG-1-BUG-13
A19: UG-1-BUG-14
A20: UG-1-BUG-15
A21: UG-1-BUG-16
... A45: UG-1-BUG-40

Sheet UG-2 Casos de prueba
A1: Servicios de entrega · Casos de prueba
A2: UG-2 — Calcular el costo y el tiempo de entrega
A3: Diseñados | B3: =COUNTIF($B$6:$B$55,"<>") -> 9 | C3: Aprobados | D3: =COUNTIF($G$6:$G$55,"Aprobado") -> 3 | E3: Fallidos | F3: =COUNTIF($G$6:$G$55,"Fallido") -> 6 | G3: Omitidos | H3: =COUNTIF($G$6:$G$55,"Omitido") -> 0
A5: ID | B5: Título del caso de prueba | C5: Precondición | D5: Paso | E5: Descripción del paso | F5: Resultado esperado | G5: Estado | H5: ID del bug
A6: UG-2-TC-01 | B6: Calcular el costo y tiempo de entrega al realizar una solicitud con datos válidos | C6: La API de Urban Grocers se encuentra activa y disponible. La variable {{url-base}} está creada y configurada con la URL https://urban-grocers-es.up.railway.app | D6: 1 | E6: Realizar una solicitud POST al endpoint /speedy/v1/calculate en el Body agregar la siguiente estructura válida: { "products": [ { "productId": 3, "quantity": 1 } ], "deliveryTime": 9 } | F6: La API, devuelve un código de estado 200 OK calculando el costo y tiempo de entrega. | G6: APROBADO
A7: UG-2-TC-02 | B7: Calcular la entrega en el límite inferior del horario de servicio | C7: La API de Urban Grocers se encuentra activa y disponible. La variable {{url-base}} está creada y configurada con la URL https://urban-grocers-es.up.railway.app | D7: 1 | E7: Realizar una solicitud POST al endpoint /speedy/v1/calculate en el Body agregar la siguiente estructura válida: { "products": [ { "productId": 3, "quantity": 1 } ], "deliveryTime": 7 } | F7: La API, debe calcular correctamente el costo y tiempo de entrega. | G7: APROBADO
A8: UG-2-TC-03 | B8: Calcular la entrega antes del horario de servicio estipulado | C8: La API de Urban Grocers se encuentra activa y disponible. La variable {{url-base}} está creada y configurada con la URL https://urban-grocers-es.up.railway.app | D8: 1 | E8: Realizar una solicitud POST al endpoint /speedy/v1/calculate en el Body agregar la siguiente estructura válida: { "products": [ { "productId": 3, "quantity": 1 } ], "deliveryTime": 6 } | F8: La API, debe indicar que la entrega no es posible debido a que el horario 6 está fuera del horario de servicio. | G8: FALLIDO | H8: UG-2-BUG-01
A9: UG-2-TC-04 | B9: Calcular la entrega en el límite superior del horario de servicio estipulado | C9: La API de Urban Grocers se encuentra activa y disponible. La variable {{url-base}} está creada y configurada con la URL https://urban-grocers-es.up.railway.app | D9: 1 | E9: Realizar una solicitud POST al endpoint /speedy/v1/calculate en el Body agregar la siguiente estructura válida: { "products": [ { "productId": 3, "quantity": 1 } ], "deliveryTime": 21 } | F9: La API, debe calcular correctamente el costo y tiempo de entrega | G9: APROBADO
A10: UG-2-TC-05 | B10: Calcular la entrega por encima del límite del horario de servicio estipulado | C10: La API de Urban Grocers se encuentra activa y disponible. La variable {{url-base}} está creada y configurada con la URL https://urban-grocers-es.up.railway.app | D10: 1 | E10: Realizar una solicitud POST al endpoint /speedy/v1/calculate en el Body agregar la siguiente estructura válida: { "products": [ { "productId": 3, "quantity": 1 } ], "deliveryTime": 22 } | F10: La API, debe indicar que la entrega no es posible debido a que el horario 22 está fuera del horario de servicio. | G10: FALLIDO | H10: UG-2-BUG-01
A11: UG-2-TC-06 | B11: Validar que isItPossibleToDeliver sea false cuando la entrega no es posible | C11: La API de Urban Grocers se encuentra activa y disponible. La variable {{url-base}} está creada y configurada con la URL https://urban-grocers-es.up.railway.app | D11: 1 | E11: Realizar una solicitud POST al endpoint /speedy/v1/calculate en el Body agregar la siguiente estructura válida: { "products": [ { "productId": 3, "quantity": 200 } ], "deliveryTime": 9 } | F11: La API devuelve 200 OK y el campo isItPossibleToDeliver tiene el valor false, indicando que no es posible completar la entrega. | G11: FALLIDO | H11: UG-2-BUG-01
A12: UG-2-TC-07 | B12: Calcular la entrega omitiendo el campo "quantity" en el arreglo | C12: La API de Urban Grocers se encuentra activa y disponible. La variable {{url-base}} está creada y configurada con la URL https://urban-grocers-es.up.railway.app | D12: 1 | E12: Realizar una solicitud POST al endpoint /speedy/v1/calculate en el Body agregar la siguiente estructura válida: { "products": [ { "productId": 3 } ], "deliveryTime": 9 } | F12: La API devuelve 400 Bad Request por omitir el campo "quantity" | G12: FALLIDO | H12: UG-2-BUG-01
A13: UG-2-TC-08 | B13: Calcular entrega reemplazando el tipo de dato numérico por un "string" en el campo "quantity" | C13: La API de Urban Grocers se encuentra activa y disponible. La variable {{url-base}} está creada y configurada con la URL https://urban-grocers-es.up.railway.app | D13: 1 | E13: Realizar una solicitud POST al endpoint /speedy/v1/calculate en el Body agregar la siguiente estructura válida: { "products": [ { "productId": 3, "quantity": "Two" } ], "deliveryTime": 9 } | F13: La API devuelve 400 Bad Request por reemplazar el valor "number" por un "string" en el campo "quantity" | G13: FALLIDO | H13: UG-2-BUG-01
A14: UG-2-TC-09 | B14: Calcular la entrega con una estructura inválida en el "Body". | C14: La API de Urban Grocers se encuentra activa y disponible. La variable {{url-base}} está creada y configurada con la URL https://urban-grocers-es.up.railway.app | D14: 1 | E14: Realizar una solicitud POST al endpoint /speedy/v1/calculate en el Body agregar la siguiente estructura: { "products": { "productId": 3, "quantity": 1 }, "deliveryTime": 9 } | F14: La API devuelve 400 Bad Request por enviar una estructura invalida en el "Body". | G14: FALLIDO | H14: UG-2-BUG-01
A15: UG-2-TC-10
A16: UG-2-TC-11
A17: UG-2-TC-12
A18: UG-2-TC-13
A19: UG-2-TC-14
A20: UG-2-TC-15
A21: UG-2-TC-16
A22: UG-2-TC-17
A23: UG-2-TC-18
A24: UG-2-TC-19
A25: UG-2-TC-20
A26: UG-2-TC-21
... A55: UG-2-TC-50

Sheet UG-2 Reportes de errores
A1: Servicios de entrega · Reportes de errores
A2: UG-2 — Calcular el costo y el tiempo de entrega
A3: Reportes creados | B3: =COUNTIF($B$6:$B$45,"<>") -> 1 | C3: Críticos | D3: =COUNTIF($F$6:$F$45,"Crítica") -> 0
A5: ID del bug | B5: Título | C5: Pasos para reproducir | D5: Resultado esperado | E5: Resultado actual | F5: Severidad | G5: Evidencia
A6: UG-2-BUG-01 | B6: La solicitud POST /speedy/v1/calculate no procesa correctamente los datos enviados en el body | C6: Precondiciones: La API de Urban Grocers se encuentra activa y disponible. La variable {{url-base}} está creada y configurada con la URL https://urban-grocers-es.up.railway.app Pasos: Realizar una solicitud POST al endpoint /speedy/v1/calculate en el Body agregar la siguiente estructura válida: { "products": [ { "productId": 3, "quantity": 1 } ], "deliveryTime": 6 } | D6: Para solicitudes válidas cuya entrega no sea posible: 200 OK isItPossibleToDeliver = false Para tipos, campos o estructuras inválidas: 400 Bad Request | E6: La API devuelve 200 OK ante diferentes solicitudes y no refleja correctamente los datos enviados en el body. En los casos con deliveryTime = 6 y deliveryTime = 22, la API devuelve: Actual: isItPossibleToDeliver = true cuando debería indicar que la entrega no es posible: Expected: isItPossibleToDeliver = false El defecto se reproduce con diferentes escenarios deliveryTime = 6 deliveryTime = 22 quantity extrema quantity ausente quantity como string products como objeto | F6: HIGH | G6: https://drive.google.com/file/d/1lPBcAXVu8i3oqUatk3-JfeHwG4eZD2qU/view?usp=sharing https://drive.google.com/file/d/1WTup3RTcXyY3Y3HAMDkuofhFQHDOyQh6/view?usp=sharing https://drive.google.com/file/d/16yaop-aVZbsQxLSxQa98UmuA-hu0EwBb/view?usp=sharing https://drive.google.com/file/d/1luQLCopE6E5pSADtE24XW_jfQBEtNxG5/view?usp=sharing https://drive.google.com/file/d/11UvvAGAd-uSir-3VrRIWC-a-KbZ8iE9q/view?usp=sharing https://drive.google.com/file/d/1-s6gn_VbgTOMHlhTUflx-x0Ypk53E6tV/view?usp=sharing
A7: UG-2-BUG-02
A8: UG-2-BUG-03
A9: UG-2-BUG-04
A10: UG-2-BUG-05
A11: UG-2-BUG-06
A12: UG-2-BUG-07
A13: UG-2-BUG-08
A14: UG-2-BUG-09
A15: UG-2-BUG-10
A16: UG-2-BUG-11
A17: UG-2-BUG-12
A18: UG-2-BUG-13
... A45: UG-2-BUG-40

Sheet UG-3 Casos de prueba
A1: Carrito de compras · Casos de prueba
A2: UG-3 — Gestionar el carrito de compras (Opcional)
A3: Diseñados | B3: =COUNTIF($B$6:$B$55,"<>") -> 11 | C3: Aprobados | D3: =COUNTIF($G$6:$G$55,"Aprobado") -> 8 | E3: Fallidos | F3: =COUNTIF($G$6:$G$55,"Fallido") -> 3 | G3: Omitidos | H3: =COUNTIF($G$6:$G$55,"Omitido") -> 0
A5: ID | B5: Título del caso de prueba | C5: Precondición | D5: Paso | E5: Descripción del paso | F5: Resultado esperado | G5: Estado | H5: ID del bug
A6: UG-3-TC-01 | B6: Crear un carrito de compras con los parámetros correctos | C6: La API de Urban Grocers se encuentra activa y disponible. La variable {{url-base}} está creada y configurada con la URL https://urban-grocers-es.up.railway.app | D6: 1 | E6: Realizar una solicitud POST al endpoint /api/v1/orders en el body poner la siguiente estructura valida: { "productsList": [ { "productId": 1, "quantity": 2 }, { "productId": 5, "quantity": 2 } ] } | F6: La API crea correctamente el carrito de compras y devuelve la información del carrito con los productos enviados. | G6: APROBADO
A7: UG-3-TC-02 | B7: Crear un carrito de compras sin el parametro quantity obligatorio en la estructura | C7: La API de Urban Grocers se encuentra activa y disponible. La variable {{url-base}} está creada y configurada con la URL https://urban-grocers-es.up.railway.app | D7: 1 | E7: Realizar una solicitud POST al endpoint /api/v1/orders en el body poner la siguiente estructura: { "productsList": [ { "productId": 1 }, { "productId": 5 } ] } | F7: La API devuelve 400 Bad Request con el mensaje “No se han aprobado todos los parámetros requeridos”. | G7: FALLIDO | H7: UG-3-BUG-01
A8: UG-3-TC-03 | B8: Agregar un producto diferente a un carrito de compras existente | C8: La API de Urban Grocers se encuentra activa y disponible. La variable {{url-base}} está creada y configurada con la URL https://urban-grocers-es.up.railway.app -Contar con un carrito de compras previamente creado con al menos un producto y conservar su ID para utilizarlo en la petición PUT. -Conservar el ID del carrito y disponer de un producto válido que no se encuentre actualmente en el carrito para realizar la prueba de agregar. | D8: 1 | E8: Realizar una solicitud PUT al endpoint /api/v1/orders/{id}, reemplazando {id} por el ID del carrito existente. En el body, enviar un producto válido que no se encuentre actualmente en el carrito, utilizando un productId y quantity válidos con esta estructura. { "productsList": [ { "productId": <ID-Producto>, "quantity": <Cantidad> } ] } | F8: La API devuelve el estado 200 OK con el ccarrito actualizado de manera correcta | G8: APROBADO
A9: UG-3-TC-04 | B9: Actualizar la cantidad de un producto en un carrito de compras existente | C9: La API de Urban Grocers se encuentra activa y disponible. La variable {{url-base}} está creada y configurada con la URL https://urban-grocers-es.up.railway.app -Contar con un carrito de compras previamente creado con al menos un producto y conservar su ID para utilizarlo en la petición PUT. -Conservar el ID del carrito y el prodcuto creado dentro del carrito de compras para realizar la prueba de Actualizar. | D9: 1 | E9: Realizar una solicitud PUT al endpoint /api/v1/orders/{id}, reemplazando {id} por el ID del carrito existente. En el body, enviar el productId de un producto existente en el carrito y una cantidad diferente a la cantidad actual con esta estructura: { "productsList": [ { "productId": <ID-Producto>, "quantity": <Nueva-Cantidad> } ] }. | F9: La API devuelve el estado 200 OK con el carrito actualizado de manera correcta | G9: APROBADO
A10: UG-3-TC-05 | B10: Agregar un producto a un carrito de compras inexistente | C10: La API de Urban Grocers se encuentra activa y disponible. La variable {{url-base}} está creada y configurada con la URL https://urban-grocers-es.up.railway.app y el ID 40 no existe | D10: 1 | E10: Realizar una solicitud PUT al endpoint /api/v1/orders/40 en el body poner la siguiente estructura valida: { "productsList": [ { "productId": 3, "quantity": 2 } ] } | F10: La API devuelve un estado 404 Not Found. | G10: APROBADO
A11: UG-3-TC-06 | B11: Actualizar un producto en un carrito de compras inexistente | C11: La API de Urban Grocers se encuentra activa y disponible. La variable {{url-base}} está creada y configurada con la URL https://urban-grocers-es.up.railway.app y el ID 40 no existe | D11: 1 | E11: Realizar una solicitud PUT al endpoint /api/v1/orders/40 en el body poner la siguiente estructura valida: { "productsList": [ { "productId": 1, "quantity": 4 }, { "productId": 5, "quantity": 4 } ] } | F11: La API devuelve un estado 404 Not Found. | G11: APROBADO
A12: UG-3-TC-07 | B12: Solicitar productos con Authorization: Bearer {authToken} de un carrito existente | C12: La API de Urban Grocers se encuentra activa y disponible. La variable {{url-base}} está creada y configurada con la URL https://urban-grocers-es.up.railway.app -Contar con un usuario previamente creado y conservar su token de autenticación. -Contar con un carrito de compras previamente creado y conservar su ID para utilizarlo en la petición GET. | D12: 1 | E12: Realizar una solicitud GET al endpoint /api/v1/orders/{id} Remplazar el {id}, por el Id, del carrito creado y en el HEADER crear un Authorization: Bearer {authToken} Reemplazando el {authToken} con el token del usuario creado anteriormente. | F12: La API debe devolver los productos solictados de manera correcta | G12: APROBADO
A13: UG-3-TC-08 | B13: Solicitar productos sin Authorization: Bearer {authToken} de un carrito existente | C13: La API de Urban Grocers se encuentra activa y disponible. La variable {{url-base}} está creada y configurada con la URL https://urban-grocers-es.up.railway.app -Contar con un carrito de compras previamente creado y conservar su ID para utilizarlo en la petición GET. | D13: 1 | E13: Realizar una solicitud GET al endpoint /api/v1/orders/{id} Reemplazar el {id}, por el Id, del carriito creado. | F13: La API devuelve 401 Unauthorized por el token no estar presente | G13: FALLIDO | H13: UG-3-BUG-02
A14: UG-3-TC-09 | B14: Eliminar un carrito de compras existente al hacer la petición con DELETE | C14: La API de Urban Grocers se encuentra activa y disponible. La variable {{url-base}} está creada y configurada con la URL https://urban-grocers-es.up.railway.app -Contar con un carrito de compras previamente creado y conservar su ID para utilizarlo en la petición DELETE. | D14: 1 | E14: Realizar una solicitud DELETE al endpoint /api/v1/orders/{id} Reemplazar el {id}, por el Id, del carriito creado. | F14: La API devuelve 200 OK con un mensaje {"ok": true} | G14: FALLIDO | H14: UG-3-BUG-03
A15: UG-3-TC-10 | B15: Confirmar pedido realizado en el carrito de compras con Authorization: Bearer {authToken} | C15: La API de Urban Grocers se encuentra activa y disponible. La variable {{url-base}} está creada y configurada con la URL https://urban-grocers-es.up.railway.app -Crear un usuario y conservar el token -Contar con un carrito de compras previamente creado con al menos un producto y conservar su ID para utilizarlo en la petición PUT. | D15: 1 | E15: Realizar una solicitud PUT al /api/v1/orders/{id}/complete Remplazar el {id}, por el Id, del carrito creado y en el HEADER crear un Authorization: Bearer {authToken} Reemplazando el {authToken} con el token del usuario creado anteriormente. | F15: La respuesta de la API, es 200 OK con un mensaje {"ok": true} confirnando el pedido | G15: APROBADO
A16: UG-3-TC-11 | B16: Confirmar pedido realizado en el carrito de compras sin Authorization: Bearer {authToken} | C16: La API de Urban Grocers se encuentra activa y disponible. La variable {{url-base}} está creada y configurada con la URL https://urban-grocers-es.up.railway.app -Contar con un carrito de compras previamente creado con al menos un producto y conservar su ID para utilizarlo en la petición PUT. | D16: 1 | E16: Realizar una solicitud PUT al /api/v1/orders/{id}/complete Remplazar el {id}, por el Id, del carrito creado. | F16: La respuesta de la API devuelve 401 Unauthorized por el token no estar presente. | G16: APROBADO

Sheet UG-3 Reportes de errores
A1: Carrito de compras · Reportes de errores
A2: UG-3 — Gestionar el carrito de compras (Opcional)
A3: Reportes creados | B3: =COUNTIF($B$6:$B$45,"<>") -> 3 | C3: Críticos | D3: =COUNTIF($F$6:$F$45,"Crítica") -> 0
A5: ID del bug | B5: Título | C5: Pasos para reproducir | D5: Resultado esperado | E5: Resultado actual | F5: Severidad | G5: Evidencia
A6: UG-3-BUG-01 | B6: POST /api/v1/orders no valida quantity ausente y devuelve 409 Conflict | C6: Precondiciones: La API de Urban Grocers se encuentra activa y disponible. La variable {{url-base}} está creada y configurada con la URL https://urban-grocers-es.up.railway.app Pasos: Realizar una solicitud POST al endpoint /api/v1/orders en el body poner la siguiente estructura: { "productsList": [ { "productId": 1 }, { "productId": 5 } ] } | D6: La API devuelve 400 Bad Request con el mensaje “No se han aprobado todos los parámetros requeridos”. | E6: La API responde 409 con un mensaje "No hay un almacén para procesar tu pedido" | F6: HIGH | G6: https://drive.google.com/file/d/1lvwy9XuecsLPgK7qoGJFwEqrZu1TUs_p/view?usp=sharing
A7: UG-3-BUG-02 | B7: Solicitar productos sin Token devuelve los productos del carrito de compras | C7: Precondiciones: La API de Urban Grocers se encuentra activa y disponible. La variable {{url-base}} está creada y configurada con la URL https://urban-grocers-es.up.railway.app -Contar con un carrito de compras previamente creado y conservar su ID para utilizarlo en la petición GET. Pasos: Realizar una solicitud GET al endpoint /api/v1/orders/{id} Reemplazar el {id}, por el Id, del carriito creado. | D7: La API devuelve 401 Unauthorized por el token no estar presente | E7: La respuesta de la API es 200 OK devolviendo los productos derl carrito de compras. | F7: MEDIUM | G7: https://drive.google.com/file/d/1BQAsWElOv88BvP1SwhB8Et-SO5rcelwO/view?usp=sharing
A8: UG-3-BUG-03 | B8: La solicitud DELETE no elimina carritos de compras existentes. | C8: Precondiciones: -La API de Urban Grocers se encuentra activa y disponible. La variable {{url-base}} está creada y configurada con la URL https://urban-grocers-es.up.railway.app -Contar con un carrito de compras previamente creado y conservar su ID para utilizarlo en la petición DELETE. Pasos: Realizar una solicitud DELETE al endpoint /api/v1/orders/{id} Reemplazar el {id}, por el Id, del carriito creado. | D8: La API devuelve 200 OK con un mensaje {"ok": true} | E8: La API devuelve 404 Not Found con un mensaje "Cart with id=4 not found" | F8: MEDIUM | G8: https://drive.google.com/file/d/17Mrdx--4p--A-64AeuAgyBZrFznsJJBD/view?usp=sharing
A9: UG-3-BUG-04
A10: UG-3-BUG-05
A11: UG-3-BUG-06
A12: UG-3-BUG-07
A13: UG-3-BUG-08
A14: UG-3-BUG-09
A15: UG-3-BUG-10
A16: UG-3-BUG-11
A17: UG-3-BUG-12
A18: UG-3-BUG-13
A19: UG-3-BUG-14
A20: UG-3-BUG-15
... A45: UG-3-BUG-40

Sheet Listas
A1: Estado del caso de prueba | B1: Tipo de escenario | C1: Técnica de diseño | D1: Método HTTP | E1: Prioridad | F1: Severidad | G1: Estado del bug | H1: Operación UG-1 | I1: Operación UG-2 | J1: Operación UG-3
A2: Aprobado | B2: Positivo | C2: Clase de equivalencia | D2: GET | E2: Baja | F2: Baja | G2: Borrador | H2: Agregar productos a un paquete de productos | I2: Calcular el costo y el tiempo de entrega | J2: Crear el carrito de compras
A3: Fallido | B3: Negativo | C3: Valor límite | D3: POST | E3: Media | F3: Media | G3: Abierto | J3: Agregar o actualizar productos
A4: Omitido | C4: Tabla de decisión | D4: PUT | E4: Alta | F4: Alta | G4: En progreso | J4: Consultar el carrito de compras
C5: Transición de estados | D5: PATCH | E5: Crítica | F5: Crítica | G5: Resuelto | J5: Eliminar el carrito de compras
C6: Predicción de errores | D6: DELETE | G6: Cerrado | J6: Confirmar el pedido
C7: No aplicable | G7: Rechazado
G8: Duplicado
